{"cameraMode":{"drawMode":0,"name":"Shaded","section":"Shading Mode"},"sceneLighting":true,"audioPlay":false,"sceneViewState":{"m_AlwaysRefresh":false,"showFog":true,"showSkybox":true,"showFlares":true,"showImageEffects":true,"showParticleSystems":true,"showVisualEffectGraphs":true,"m_FxEnabled":true},"in2DMode":false,"pivot":{"x":13.953760147094727,"y":11.443530082702637,"z":-162.2306671142578},"rotation":{"x":0.05578238144516945,"y":0.8879995942115784,"z":-0.11194224655628205,"w":0.4424992501735687},"size":6.924746513366699,"orthographic":false}