{"cameraMode":{"drawMode":0,"name":"Shaded","section":"Shading Mode"},"sceneLighting":true,"audioPlay":false,"sceneViewState":{"m_AlwaysRefresh":false,"showFog":true,"showSkybox":false,"showFlares":true,"showImageEffects":true,"showParticleSystems":true,"showVisualEffectGraphs":true,"m_FxEnabled":true},"in2DMode":false,"pivot":{"x":36.292850494384769,"y":19.742435455322267,"z":-1.2934513092041016},"rotation":{"x":-0.04666666314005852,"y":0.8608372211456299,"z":-0.08028922975063324,"w":-0.5003401041030884},"size":2.2856338024139406,"orthographic":false}