{"cameraMode":{"drawMode":0,"name":"Shaded","section":"Shading Mode"},"sceneLighting":true,"audioPlay":false,"sceneViewState":{"m_AlwaysRefresh":false,"showFog":true,"showSkybox":false,"showFlares":true,"showImageEffects":true,"showParticleSystems":true,"showVisualEffectGraphs":true,"m_FxEnabled":true},"in2DMode":false,"pivot":{"x":28.038379669189454,"y":4.961214542388916,"z":-29.503620147705079},"rotation":{"x":0.020641814917325975,"y":0.9616082906723023,"z":-0.26302826404571535,"w":0.0754597932100296},"size":2.2856333255767824,"orthographic":false}